id,announce_type,announce_id,priority,start_date,end_date
30004,1,101,1,1614654000,1615258799
30005,2,501,2,1614654000,1615258799
30006,1,102,1,1615258800,1616036399
30007,2,502,2,1615258800,1616036399
30008,1,103,1,1616036400,1617073199
30009,2,503,2,1616036400,1617073199
30010,1,104,1,1617073200,1618455599
30011,2,504,2,1617073200,1618455599
30012,1,105,1,1618455600,1619405999
30013,2,505,2,1618455600,1619405999
30014,1,106,1,1619406000,1620269999
30015,2,506,2,1619406000,1620269999
30016,1,107,1,1620270000,1621220399
30018,1,108,1,1621220400,1622170799
30019,2,507,2,1621220400,1622170799
30020,1,109,1,1622170800,1623293999
30021,2,508,2,1622170800,1623293999
30022,1,110,1,1623294000,1624244399
30024,1,111,1,1624244400,1624935599
30025,2,509,1,1624244400,1624935599
30026,1,112,1,1624935600,1626058799
30027,2,510,2,1624935600,1626058799
30028,1,113,1,1626058800,1626749999
30029,2,511,2,1626058800,1626749999
30030,1,114,1,1626750000,1627527599
30032,1,115,1,1627527600,1628650799
30033,2,512,2,1627527600,1628650799
30034,1,116,1,1628650800,1629428399
30036,1,117,1,1629428400,1630292399
30037,2,513,1,1629428400,1630292399
30038,1,118,1,1630292400,1631242799
30039,2,514,2,1630292400,1631242799
30040,1,119,2,1631242800,1632106799
30042,1,120,1,1632106800,1632884399
30043,2,515,2,1632106800,1632884399
30044,1,121,1,1632884400,1633921199
30045,2,516,2,1632884400,1633921199
30046,1,122,1,1633921200,1634698799
30048,1,123,1,1634698800,1635389999
30049,2,517,1,1634698800,1635389999
30050,1,124,1,1635390000,1636340399
30051,2,518,1,1635390000,1636340399
30052,1,125,1,1636340400,1637290799
30054,1,126,1,1637290800,1638154799
30055,2,519,1,1637290800,1638154799
30056,1,127,1,1638154800,1639450799
30057,2,520,1,1638154800,1639450799
30058,1,128,1,1639450800,1640141999
30059,2,521,1,1639450800,1640141999
30060,1,129,1,1640142000,1640919599
30062,1,130,1,1640919600,1641869999
30063,2,522,1,1640919600,1641869999
30065,2,523,1,1641870000,1642647599
30066,1,131,1,1642647600,1643338799
30068,1,132,1,1643338800,1644289199
30069,2,524,1,1643338800,1644289199
30070,1,133,1,1644289200,1644980399
30071,2,525,1,1644289200,1644980399
30072,1,134,1,1644980400,1645671599
30074,1,135,1,1645671600,1646621999
30075,2,526,1,1645671600,1646621999
30076,1,136,1,1646622000,1647572399
30077,2,527,1,1646622000,1647572399
30078,1,137,1,1647572400,1648522799
30080,1,138,1,1648522800,1649645999
30081,2,528,1,1648522800,1649645999
30082,1,139,1,1649646000,1650337199
30083,2,529,1,1649646000,1650337199
30084,1,140,1,1650337200,1651114799
30086,1,141,1,1651114800,1652151599
30087,2,530,1,1651114800,1652151599
30088,1,142,1,1652151600,1653015599
30089,2,531,1,1652151600,1653015599
30090,1,143,1,1653015600,1653879599
30092,1,144,1,1653879600,1654829999
30093,2,532,1,1653879600,1654829999
30094,1,145,1,1654830000,1655693999
30096,1,146,1,1655694000,1656557999
30097,2,533,1,1655694000,1656557999
30098,1,147,1,1656558000,1657508399
30099,2,534,1,1656558000,1657508399
30100,1,148,1,1657508400,1658285999
30101,2,535,1,1657508400,1658285999
30103,2,536,1,1658286000,1659063599
30104,1,149,1,1659063600,1660100399
30105,2,537,1,1659063600,1660100399
30106,1,150,1,1660100400,1660877999
30108,1,151,1,1660878000,1661741999
30109,2,538,1,1660878000,1661741999
30110,1,152,1,1661310000,1662951599
30111,2,539,1,1661310000,1662951599
30112,1,153,1,1661742000,1662951599
30113,2,540,1,1661742000,1662951599
30114,1,154,1,1662951600,1663642799
30116,1,155,1,1663642800,1664420399
30117,2,541,1,1663642800,1664420399
30118,1,156,1,1664420400,1665457199
30119,2,542,1,1664420400,1665457199
30120,1,157,1,1665457200,1666148399
30122,1,158,1,1666148400,1666925999
30123,2,543,1,1666148400,1666925999
30124,1,159,1,1666926000,1667962799
30125,2,544,1,1666926000,1667962799
30126,1,160,1,1667962800,1668653999
30128,1,161,1,1668654000,1669604399
30129,2,545,1,1668654000,1669604399
30132,1,162,1,1669604400,1670813999
30133,2,546,1,1669604400,1670813999
30134,1,163,1,1670814000,1671505199
30136,1,164,1,1671505200,1672282799
30137,2,547,1,1671505200,1672282799
30138,1,165,1,1672282800,1673319599
30139,2,548,1,1672282800,1673319599
30140,1,166,1,1673319600,1674183599
30142,1,167,1,1674183600,1675047599
30143,2,549,1,1674183600,1675047599
30146,1,168,1,1675047600,1676257199
30147,2,550,1,1675047600,1676257199
30148,1,169,1,1676257200,1677207599
30150,1,170,1,1677207600,1679281199
30151,2,551,1,1677207600,1679281199
