id,story_event_id,item_category,item_id,item_num,point
1,1001,11,1,5,2000
2,1001,94,45,10,4000
3,1001,91,59,2000,6000
4,1001,30,110,1000,8000
5,1001,11,4,5,12000
6,1001,103,98,200,14000
7,1001,11,7,5,16000
8,1001,94,45,10,18000
9,1001,91,59,3000,22000
10,1001,30,110,1000,24000
11,1001,11,10,5,26000
12,1001,103,98,200,28000
13,1001,94,45,10,32000
14,1001,11,13,5,34000
15,1001,91,59,4000,36000
16,1001,30,110,1000,38000
17,1001,94,45,10,42000
18,1001,11,1,5,44000
19,1001,11,4,5,46000
20,1001,34,95,1,48000
21,1001,94,45,10,52000
22,1001,11,7,5,54000
23,1001,91,59,5000,56000
24,1001,30,110,1500,58000
25,1001,94,45,20,62000
26,1001,11,10,5,64000
27,1001,11,13,5,66000
28,1001,93,44,1,68000
29,1001,103,98,300,72000
30,1001,21,34,1,74000
31,1001,34,95,2,76000
32,1001,91,59,6000,78000
33,1001,94,45,20,80000
34,1001,150,116,1,85000
35,1001,34,95,1,90000
36,1001,40,111,1,95000
37,1001,93,44,1,100000
38,1001,30,110,2000,110000
39,1001,150,118,1,120000
40,1001,21,34,1,130000
41,1001,103,98,400,140000
42,1001,90,43,100,150000
43,1001,34,95,2,160000
44,1001,20,32,1,170000
45,1001,94,45,20,180000
46,1001,91,59,7000,190000
47,1001,30,110,2000,200000
48,1001,40,41,1,210000
49,1001,34,95,2,220000
50,1001,150,117,1,230000
51,1001,91,59,8000,240000
52,1001,103,98,500,250000
53,1001,30,110,4000,260000
54,1001,34,95,2,270000
55,1001,51,30025,1,290000
56,1001,94,45,20,310000
57,1001,90,43,100,330000
58,1001,91,59,10000,350000
59,1001,34,95,2,370000
60,1001,30,110,4000,390000
61,1001,94,45,20,410000
62,1001,103,98,500,430000
63,1001,20,32,1,450000
64,1001,94,45,30,480000
65,1001,90,43,100,510000
66,1001,91,59,12000,540000
67,1001,20,32,2,570000
68,1001,94,45,30,600000
69,1001,30,110,5000,640000
70,1001,20,32,2,680000
71,1001,21,34,2,720000
72,1001,97,115,10,760000
73,1001,94,45,30,800000
74,1001,40,111,1,850000
75,1001,150,118,1,900000
76,1001,94,45,50,950000
77,1001,93,44,1,1000000
78,1001,20,32,2,1050000
79,1001,90,43,100,1100000
80,1001,94,45,50,1150000
81,1001,40,41,1,1200000
82,1001,150,116,2,1250000
83,1001,94,45,50,1300000
84,1001,150,118,2,1350000
85,1001,97,115,10,1400000
86,1001,90,43,100,1450000
87,1002,103,98,300,2000
88,1002,91,59,1000,4000
89,1002,30,110,500,6000
90,1002,34,95,2,8000
91,1002,103,98,300,12000
92,1002,91,59,1000,14000
93,1002,30,110,500,16000
94,1002,34,95,2,18000
95,1002,103,98,300,22000
96,1002,91,59,1000,24000
97,1002,30,110,500,26000
98,1002,34,95,2,28000
99,1002,103,98,300,32000
100,1002,91,59,2000,34000
101,1002,30,110,1000,36000
102,1002,90,43,30,38000
103,1002,103,98,300,42000
104,1002,91,59,2000,44000
105,1002,30,110,1000,46000
106,1002,34,95,2,48000
107,1002,103,98,300,52000
108,1002,91,59,2000,54000
109,1002,30,110,1000,56000
110,1002,34,95,2,58000
111,1002,103,98,300,62000
112,1002,91,59,2000,64000
113,1002,30,110,1000,66000
114,1002,90,43,30,68000
115,1002,20,32,1,72000
116,1002,91,59,4000,74000
117,1002,30,110,2000,76000
118,1002,34,95,2,78000
119,1002,90,43,100,80000
120,1002,21,34,1,85000
121,1002,91,59,4000,90000
122,1002,30,110,2000,95000
123,1002,150,116,1,100000
124,1002,40,111,1,105000
125,1002,20,32,1,110000
126,1002,91,59,4000,115000
127,1002,30,110,2000,120000
128,1002,93,44,1,125000
129,1002,21,34,1,130000
130,1002,91,59,4000,135000
131,1002,30,110,2000,140000
132,1002,150,116,1,145000
133,1002,51,20026,1,150000
134,1002,20,32,1,155000
135,1002,91,59,6000,160000
136,1002,30,110,3000,165000
137,1002,97,115,5,170000
138,1002,90,43,100,175000
139,1002,21,34,1,180000
140,1002,91,59,6000,185000
141,1002,30,110,3000,190000
142,1002,150,116,1,195000
143,1002,40,41,1,200000
144,1002,20,32,1,210000
145,1002,91,59,6000,220000
146,1002,30,110,3000,230000
147,1002,93,44,1,240000
148,1002,97,115,5,250000
149,1002,21,34,1,260000
150,1002,11,78,2,270000
151,1002,91,59,6000,280000
152,1002,30,110,3000,290000
153,1002,51,30030,1,300000
154,1002,20,32,2,320000
155,1002,97,115,5,340000
156,1002,11,71,2,360000
157,1002,90,43,150,380000
158,1002,91,59,8000,400000
159,1002,30,110,4000,420000
160,1002,20,32,2,440000
161,1002,40,111,1,460000
162,1002,91,59,8000,480000
163,1002,30,110,4000,500000
164,1002,11,74,2,520000
165,1002,90,43,150,540000
166,1002,91,59,8000,560000
167,1002,30,110,4000,580000
168,1002,40,41,1,600000
169,1002,93,44,1,625000
170,1002,11,91,2,650000
171,1002,97,115,5,675000
172,1002,90,43,150,700000
173,1003,103,98,300,2000
174,1003,91,59,1000,4000
175,1003,30,110,500,6000
176,1003,34,95,1,8000
177,1003,103,98,300,12000
178,1003,91,59,1000,14000
179,1003,30,110,500,16000
180,1003,34,95,1,18000
181,1003,103,98,300,22000
182,1003,91,59,1000,24000
183,1003,30,110,500,26000
184,1003,34,95,1,28000
185,1003,103,98,300,32000
186,1003,91,59,2000,34000
187,1003,30,110,1000,36000
188,1003,34,95,1,38000
189,1003,103,98,300,42000
190,1003,91,59,2000,44000
191,1003,30,110,1000,46000
192,1003,34,95,2,48000
193,1003,103,98,300,52000
194,1003,91,59,2000,54000
195,1003,30,110,1000,56000
196,1003,34,95,2,58000
197,1003,103,98,300,62000
198,1003,91,59,2000,64000
199,1003,30,110,1000,66000
200,1003,34,95,2,68000
201,1003,20,32,1,72000
202,1003,91,59,4000,74000
203,1003,30,110,2000,76000
204,1003,34,95,2,78000
205,1003,150,116,1,80000
206,1003,21,34,1,85000
207,1003,91,59,4000,90000
208,1003,30,110,2000,95000
209,1003,90,43,50,100000
210,1003,40,111,1,105000
211,1003,20,32,1,110000
212,1003,91,59,4000,115000
213,1003,30,110,2000,120000
214,1003,93,44,1,125000
215,1003,21,34,1,130000
216,1003,91,59,4000,135000
217,1003,30,110,2000,140000
218,1003,150,116,1,145000
219,1003,11,82,2,150000
220,1003,20,32,1,155000
221,1003,91,59,6000,160000
222,1003,30,110,3000,165000
223,1003,97,115,5,170000
224,1003,90,43,50,175000
225,1003,150,116,1,180000
226,1003,91,59,6000,185000
227,1003,30,110,3000,190000
228,1003,40,41,1,195000
229,1003,11,74,2,200000
230,1003,20,32,1,210000
231,1003,91,59,6000,220000
232,1003,30,110,3000,230000
233,1003,93,44,1,240000
234,1003,97,115,5,250000
235,1003,11,77,2,260000
236,1003,11,84,2,270000
237,1003,91,59,6000,280000
238,1003,30,110,3000,290000
239,1003,90,43,50,300000
240,1003,20,32,2,320000
241,1003,97,115,5,340000
242,1003,11,83,2,360000
243,1003,91,59,8000,380000
244,1003,51,30041,1,400000
245,1003,30,110,4000,420000
246,1003,20,32,2,440000
247,1003,40,111,1,460000
248,1003,91,59,8000,480000
249,1003,30,110,4000,500000
250,1003,11,77,2,520000
251,1003,90,43,100,540000
252,1003,91,59,8000,560000
253,1003,30,110,4000,580000
254,1003,40,41,1,600000
255,1003,93,44,1,625000
256,1003,11,91,2,650000
257,1003,97,115,5,675000
258,1003,90,43,100,700000
259,1004,103,98,300,2000
260,1004,91,59,1000,4000
261,1004,30,110,500,6000
262,1004,34,95,1,8000
263,1004,103,98,300,12000
264,1004,91,59,1000,14000
265,1004,30,110,500,16000
266,1004,34,95,1,18000
267,1004,103,98,300,22000
268,1004,91,59,1000,24000
269,1004,30,110,500,26000
270,1004,34,95,1,28000
271,1004,103,98,300,32000
272,1004,91,59,2000,34000
273,1004,30,110,1000,36000
274,1004,34,95,1,38000
275,1004,103,98,300,42000
276,1004,91,59,2000,44000
277,1004,30,110,1000,46000
278,1004,34,95,2,48000
279,1004,103,98,300,52000
280,1004,91,59,2000,54000
281,1004,30,110,1000,56000
282,1004,34,95,2,58000
283,1004,103,98,300,62000
284,1004,91,59,2000,64000
285,1004,30,110,1000,66000
286,1004,34,95,2,68000
287,1004,20,32,1,72000
288,1004,91,59,4000,74000
289,1004,30,110,2000,76000
290,1004,34,95,2,78000
291,1004,150,116,1,80000
292,1004,21,34,1,85000
293,1004,91,59,4000,90000
294,1004,30,110,2000,95000
295,1004,90,43,100,100000
296,1004,40,111,1,105000
297,1004,20,32,1,110000
298,1004,91,59,4000,115000
299,1004,30,110,2000,120000
300,1004,93,44,1,125000
301,1004,21,34,1,130000
302,1004,91,59,4000,135000
303,1004,30,110,2000,140000
304,1004,150,116,1,145000
305,1004,11,80,2,150000
306,1004,20,32,1,155000
307,1004,91,59,6000,160000
308,1004,30,110,3000,165000
309,1004,97,115,5,170000
310,1004,90,43,100,175000
311,1004,150,116,1,180000
312,1004,91,59,6000,185000
313,1004,30,110,3000,190000
314,1004,40,41,1,195000
315,1004,11,79,2,200000
316,1004,20,32,1,210000
317,1004,91,59,6000,220000
318,1004,30,110,3000,230000
319,1004,93,44,1,240000
320,1004,97,115,5,250000
321,1004,11,90,2,260000
322,1004,11,75,2,270000
323,1004,91,59,6000,280000
324,1004,30,110,3000,290000
325,1004,90,43,100,300000
326,1004,20,32,2,320000
327,1004,97,115,5,340000
328,1004,11,78,2,360000
329,1004,91,59,8000,380000
330,1004,51,30057,1,400000
331,1004,30,110,4000,420000
332,1004,20,32,2,440000
333,1004,40,111,1,460000
334,1004,91,59,8000,480000
335,1004,30,110,4000,500000
336,1004,11,87,2,520000
337,1004,90,43,150,540000
338,1004,91,59,8000,560000
339,1004,30,110,4000,580000
340,1004,40,41,1,600000
341,1004,93,44,1,625000
342,1004,11,91,2,650000
343,1004,97,115,5,675000
344,1004,90,43,150,700000
345,1005,103,98,300,2000
346,1005,91,59,1000,4000
347,1005,30,110,500,6000
348,1005,34,95,1,8000
349,1005,103,98,300,12000
350,1005,91,59,1000,14000
351,1005,30,110,500,16000
352,1005,34,95,1,18000
353,1005,103,98,300,22000
354,1005,91,59,1000,24000
355,1005,30,110,500,26000
356,1005,34,95,1,28000
357,1005,103,98,300,32000
358,1005,91,59,2000,34000
359,1005,30,110,1000,36000
360,1005,34,95,1,38000
361,1005,103,98,300,42000
362,1005,91,59,2000,44000
363,1005,30,110,1000,46000
364,1005,34,95,2,48000
365,1005,103,98,300,52000
366,1005,91,59,2000,54000
367,1005,30,110,1000,56000
368,1005,34,95,2,58000
369,1005,103,98,300,62000
370,1005,91,59,2000,64000
371,1005,30,110,1000,66000
372,1005,34,95,2,68000
373,1005,20,32,1,72000
374,1005,91,59,4000,74000
375,1005,30,110,2000,76000
376,1005,34,95,2,78000
377,1005,150,116,1,80000
378,1005,21,34,1,85000
379,1005,91,59,4000,90000
380,1005,30,110,2000,95000
381,1005,90,43,100,100000
382,1005,40,111,1,105000
383,1005,20,32,1,110000
384,1005,91,59,4000,115000
385,1005,30,110,2000,120000
386,1005,93,44,1,125000
387,1005,21,34,1,130000
388,1005,91,59,4000,135000
389,1005,30,110,2000,140000
390,1005,150,116,1,145000
391,1005,11,79,2,150000
392,1005,20,32,1,155000
393,1005,91,59,6000,160000
394,1005,30,110,3000,165000
395,1005,97,115,5,170000
396,1005,90,43,100,175000
397,1005,150,116,1,180000
398,1005,91,59,6000,185000
399,1005,30,110,3000,190000
400,1005,40,41,1,195000
401,1005,11,83,2,200000
402,1005,20,32,1,210000
403,1005,91,59,6000,220000
404,1005,30,110,3000,230000
405,1005,93,44,1,240000
406,1005,97,115,5,250000
407,1005,11,90,2,260000
408,1005,11,71,2,270000
409,1005,91,59,6000,280000
410,1005,30,110,3000,290000
411,1005,90,43,100,300000
412,1005,20,32,2,320000
413,1005,97,115,5,340000
414,1005,11,78,2,360000
415,1005,91,59,8000,380000
416,1005,51,30047,1,400000
417,1005,30,110,4000,420000
418,1005,20,32,2,440000
419,1005,40,111,1,460000
420,1005,91,59,8000,480000
421,1005,30,110,4000,500000
422,1005,11,87,2,520000
423,1005,90,43,150,540000
424,1005,91,59,8000,560000
425,1005,30,110,4000,580000
426,1005,40,41,1,600000
427,1005,93,44,1,625000
428,1005,11,74,2,650000
429,1005,97,115,5,675000
430,1005,90,43,150,700000
431,1006,103,98,300,2000
432,1006,91,59,2000,4000
433,1006,30,110,1000,6000
434,1006,34,95,1,8000
435,1006,103,98,300,12000
436,1006,91,59,2000,14000
437,1006,30,110,1000,16000
438,1006,34,95,1,18000
439,1006,103,98,300,22000
440,1006,91,59,2000,24000
441,1006,30,110,1000,26000
442,1006,34,95,1,28000
443,1006,103,98,300,32000
444,1006,91,59,4000,34000
445,1006,30,110,2000,36000
446,1006,34,95,1,38000
447,1006,103,98,300,42000
448,1006,91,59,4000,44000
449,1006,30,110,2000,46000
450,1006,34,95,2,48000
451,1006,103,98,300,52000
452,1006,91,59,4000,54000
453,1006,30,110,2000,56000
454,1006,34,95,2,58000
455,1006,103,98,300,62000
456,1006,91,59,4000,64000
457,1006,30,110,2000,66000
458,1006,34,95,2,68000
459,1006,20,32,1,72000
460,1006,91,59,6000,74000
461,1006,30,110,3000,76000
462,1006,34,95,2,78000
463,1006,150,116,1,80000
464,1006,21,34,1,85000
465,1006,91,59,6000,90000
466,1006,30,110,3000,95000
467,1006,90,43,100,100000
468,1006,40,111,1,105000
469,1006,20,32,1,110000
470,1006,91,59,6000,115000
471,1006,30,110,3000,120000
472,1006,93,44,1,125000
473,1006,21,34,1,130000
474,1006,91,59,6000,135000
475,1006,30,110,3000,140000
476,1006,150,116,1,145000
477,1006,90,43,100,150000
478,1006,20,32,1,155000
479,1006,91,59,8000,160000
480,1006,30,110,4000,165000
481,1006,97,115,5,170000
482,1006,11,83,2,175000
483,1006,150,116,1,180000
484,1006,91,59,8000,185000
485,1006,30,110,4000,190000
486,1006,40,41,1,195000
487,1006,90,43,150,200000
488,1006,20,32,1,210000
489,1006,91,59,8000,220000
490,1006,30,110,4000,230000
491,1006,93,44,1,240000
492,1006,97,115,5,250000
493,1006,11,80,2,260000
494,1006,11,71,2,270000
495,1006,91,59,8000,280000
496,1006,30,110,4000,290000
497,1006,164,149,1,300000
498,1006,90,43,150,310000
499,1006,91,59,8000,320000
500,1006,30,110,4000,330000
501,1006,97,115,5,340000
502,1006,91,59,8000,350000
503,1006,30,110,4000,360000
504,1006,11,78,2,370000
505,1006,91,59,8000,380000
506,1006,30,110,4000,390000
507,1006,51,30066,1,400000
508,1006,91,59,10000,420000
509,1006,30,110,5000,440000
510,1006,90,43,200,460000
511,1006,91,59,10000,480000
512,1006,30,110,5000,500000
513,1006,40,111,1,520000
514,1006,91,59,10000,540000
515,1006,30,110,5000,560000
516,1006,11,87,2,580000
517,1006,164,149,1,600000
518,1006,91,59,10000,620000
519,1006,30,110,5000,640000
520,1006,90,43,300,660000
521,1006,91,59,10000,680000
522,1006,30,110,5000,700000
523,1006,40,41,1,720000
524,1006,91,59,20000,740000
525,1006,30,110,10000,760000
526,1006,11,84,2,780000
527,1006,97,115,5,800000
528,1006,91,59,20000,820000
529,1006,30,110,10000,840000
530,1006,93,44,1,860000
531,1006,91,59,20000,880000
532,1006,30,110,10000,900000
533,1006,164,149,1,920000
534,1006,11,74,2,940000
535,1006,91,59,20000,960000
536,1006,30,110,10000,980000
537,1006,90,43,500,1000000
538,1007,103,98,300,2000
539,1007,91,59,2000,4000
540,1007,30,110,1000,6000
541,1007,34,95,1,8000
542,1007,103,98,300,12000
543,1007,91,59,2000,14000
544,1007,30,110,1000,16000
545,1007,34,95,1,18000
546,1007,103,98,300,22000
547,1007,91,59,2000,24000
548,1007,30,110,1000,26000
549,1007,34,95,1,28000
550,1007,103,98,300,32000
551,1007,91,59,4000,34000
552,1007,30,110,2000,36000
553,1007,34,95,1,38000
554,1007,103,98,300,42000
555,1007,91,59,4000,44000
556,1007,30,110,2000,46000
557,1007,34,95,2,48000
558,1007,103,98,300,52000
559,1007,91,59,4000,54000
560,1007,30,110,2000,56000
561,1007,34,95,2,58000
562,1007,103,98,300,62000
563,1007,91,59,4000,64000
564,1007,30,110,2000,66000
565,1007,34,95,2,68000
566,1007,20,32,1,72000
567,1007,91,59,6000,74000
568,1007,30,110,3000,76000
569,1007,34,95,2,78000
570,1007,150,116,1,80000
571,1007,21,34,1,85000
572,1007,91,59,6000,90000
573,1007,30,110,3000,95000
574,1007,90,43,100,100000
575,1007,40,111,1,105000
576,1007,20,32,1,110000
577,1007,91,59,6000,115000
578,1007,30,110,3000,120000
579,1007,93,44,1,125000
580,1007,21,34,1,130000
581,1007,91,59,6000,135000
582,1007,30,110,3000,140000
583,1007,150,116,1,145000
584,1007,90,43,100,150000
585,1007,20,32,1,155000
586,1007,91,59,8000,160000
587,1007,30,110,4000,165000
588,1007,97,115,5,170000
589,1007,11,89,2,175000
590,1007,150,116,1,180000
591,1007,91,59,8000,185000
592,1007,30,110,4000,190000
593,1007,40,41,1,195000
594,1007,90,43,150,200000
595,1007,20,32,1,210000
596,1007,91,59,8000,220000
597,1007,30,110,4000,230000
598,1007,93,44,1,240000
599,1007,97,115,5,250000
600,1007,11,73,2,260000
601,1007,11,78,2,270000
602,1007,91,59,8000,280000
603,1007,30,110,4000,290000
604,1007,164,149,1,300000
605,1007,90,43,150,310000
606,1007,91,59,8000,320000
607,1007,30,110,4000,330000
608,1007,97,115,5,340000
609,1007,91,59,8000,350000
610,1007,30,110,4000,360000
611,1007,11,83,2,370000
612,1007,91,59,8000,380000
613,1007,30,110,4000,390000
614,1007,51,30070,1,400000
615,1007,91,59,10000,420000
616,1007,30,110,5000,440000
617,1007,90,43,200,460000
618,1007,91,59,10000,480000
619,1007,30,110,5000,500000
620,1007,40,111,1,520000
621,1007,91,59,10000,540000
622,1007,30,110,5000,560000
623,1007,11,71,2,580000
624,1007,164,149,1,600000
625,1007,91,59,10000,620000
626,1007,30,110,5000,640000
627,1007,90,43,300,660000
628,1007,91,59,10000,680000
629,1007,30,110,5000,700000
630,1007,40,41,1,720000
631,1007,91,59,20000,740000
632,1007,30,110,10000,760000
633,1007,11,80,2,780000
634,1007,97,115,5,800000
635,1007,91,59,20000,820000
636,1007,30,110,10000,840000
637,1007,93,44,1,860000
638,1007,91,59,20000,880000
639,1007,30,110,10000,900000
640,1007,164,149,1,920000
641,1007,11,87,2,940000
642,1007,91,59,20000,960000
643,1007,30,110,10000,980000
644,1007,90,43,500,1000000
645,1008,103,98,300,2000
646,1008,91,59,2000,4000
647,1008,30,110,1000,6000
648,1008,34,95,1,8000
649,1008,103,98,300,12000
650,1008,91,59,2000,14000
651,1008,30,110,1000,16000
652,1008,34,95,1,18000
653,1008,103,98,300,22000
654,1008,91,59,2000,24000
655,1008,30,110,1000,26000
656,1008,34,95,1,28000
657,1008,103,98,300,32000
658,1008,91,59,4000,34000
659,1008,30,110,2000,36000
660,1008,34,95,1,38000
661,1008,103,98,300,42000
662,1008,91,59,4000,44000
663,1008,30,110,2000,46000
664,1008,34,95,2,48000
665,1008,103,98,300,52000
666,1008,91,59,4000,54000
667,1008,30,110,2000,56000
668,1008,34,95,2,58000
669,1008,103,98,300,62000
670,1008,91,59,4000,64000
671,1008,30,110,2000,66000
672,1008,34,95,2,68000
673,1008,20,32,1,72000
674,1008,91,59,6000,74000
675,1008,30,110,3000,76000
676,1008,34,95,2,78000
677,1008,150,116,1,80000
678,1008,21,34,1,85000
679,1008,91,59,6000,90000
680,1008,30,110,3000,95000
681,1008,90,43,100,100000
682,1008,40,111,1,105000
683,1008,20,32,1,110000
684,1008,91,59,6000,115000
685,1008,30,110,3000,120000
686,1008,93,44,1,125000
687,1008,21,34,1,130000
688,1008,91,59,6000,135000
689,1008,30,110,3000,140000
690,1008,150,116,1,145000
691,1008,90,43,100,150000
692,1008,20,32,1,155000
693,1008,91,59,8000,160000
694,1008,30,110,4000,165000
695,1008,97,115,5,170000
696,1008,11,74,2,175000
697,1008,150,116,1,180000
698,1008,91,59,8000,185000
699,1008,30,110,4000,190000
700,1008,40,41,1,195000
701,1008,90,43,150,200000
702,1008,20,32,1,210000
703,1008,91,59,8000,220000
704,1008,30,110,4000,230000
705,1008,93,44,1,240000
706,1008,97,115,5,250000
707,1008,11,75,2,260000
708,1008,11,83,2,270000
709,1008,91,59,8000,280000
710,1008,30,110,4000,290000
711,1008,164,149,1,300000
712,1008,90,43,150,310000
713,1008,91,59,8000,320000
714,1008,30,110,4000,330000
715,1008,97,115,5,340000
716,1008,91,59,8000,350000
717,1008,30,110,4000,360000
718,1008,11,84,2,370000
719,1008,91,59,8000,380000
720,1008,30,110,4000,390000
721,1008,51,30074,1,400000
722,1008,91,59,10000,420000
723,1008,30,110,5000,440000
724,1008,90,43,200,460000
725,1008,91,59,10000,480000
726,1008,30,110,5000,500000
727,1008,40,111,1,520000
728,1008,91,59,10000,540000
729,1008,30,110,5000,560000
730,1008,11,85,2,580000
731,1008,164,149,1,600000
732,1008,91,59,10000,620000
733,1008,30,110,5000,640000
734,1008,90,43,300,660000
735,1008,91,59,10000,680000
736,1008,30,110,5000,700000
737,1008,40,41,1,720000
738,1008,91,59,20000,740000
739,1008,30,110,10000,760000
740,1008,11,90,2,780000
741,1008,97,115,5,800000
742,1008,91,59,20000,820000
743,1008,30,110,10000,840000
744,1008,93,44,1,860000
745,1008,91,59,20000,880000
746,1008,30,110,10000,900000
747,1008,164,149,1,920000
748,1008,11,91,2,940000
749,1008,91,59,20000,960000
750,1008,30,110,10000,980000
751,1008,90,43,500,1000000
752,1009,103,98,300,2000
753,1009,91,59,2000,4000
754,1009,30,110,1000,6000
755,1009,34,95,1,8000
756,1009,103,98,300,12000
757,1009,91,59,2000,14000
758,1009,30,110,1000,16000
759,1009,34,95,1,18000
760,1009,103,98,300,22000
761,1009,91,59,2000,24000
762,1009,30,110,1000,26000
763,1009,34,95,1,28000
764,1009,103,98,300,32000
765,1009,91,59,4000,34000
766,1009,30,110,2000,36000
767,1009,34,95,1,38000
768,1009,103,98,300,42000
769,1009,91,59,4000,44000
770,1009,30,110,2000,46000
771,1009,34,95,2,48000
772,1009,103,98,300,52000
773,1009,91,59,4000,54000
774,1009,30,110,2000,56000
775,1009,34,95,2,58000
776,1009,103,98,300,62000
777,1009,91,59,4000,64000
778,1009,30,110,2000,66000
779,1009,34,95,2,68000
780,1009,20,32,1,72000
781,1009,91,59,6000,74000
782,1009,30,110,3000,76000
783,1009,34,95,2,78000
784,1009,150,116,1,80000
785,1009,21,34,1,85000
786,1009,91,59,6000,90000
787,1009,30,110,3000,95000
788,1009,90,43,100,100000
789,1009,40,111,1,105000
790,1009,20,32,1,110000
791,1009,91,59,6000,115000
792,1009,30,110,3000,120000
793,1009,93,44,1,125000
794,1009,21,34,1,130000
795,1009,91,59,6000,135000
796,1009,30,110,3000,140000
797,1009,150,116,1,145000
798,1009,90,43,100,150000
799,1009,20,32,1,155000
800,1009,91,59,8000,160000
801,1009,30,110,4000,165000
802,1009,97,115,5,170000
803,1009,11,74,2,175000
804,1009,150,116,1,180000
805,1009,91,59,8000,185000
806,1009,30,110,4000,190000
807,1009,40,41,1,195000
808,1009,90,43,150,200000
809,1009,20,32,1,210000
810,1009,91,59,8000,220000
811,1009,30,110,4000,230000
812,1009,93,44,1,240000
813,1009,97,115,5,250000
814,1009,11,80,2,260000
815,1009,11,91,2,270000
816,1009,91,59,8000,280000
817,1009,30,110,4000,290000
818,1009,164,149,1,300000
819,1009,90,43,150,310000
820,1009,91,59,8000,320000
821,1009,30,110,4000,330000
822,1009,97,115,5,340000
823,1009,91,59,8000,350000
824,1009,30,110,4000,360000
825,1009,11,87,2,370000
826,1009,91,59,8000,380000
827,1009,30,110,4000,390000
828,1009,51,30079,1,400000
829,1009,91,59,10000,420000
830,1009,30,110,5000,440000
831,1009,90,43,200,460000
832,1009,91,59,10000,480000
833,1009,30,110,5000,500000
834,1009,40,111,1,520000
835,1009,91,59,10000,540000
836,1009,30,110,5000,560000
837,1009,11,69,2,580000
838,1009,164,149,1,600000
839,1009,91,59,10000,620000
840,1009,30,110,5000,640000
841,1009,90,43,300,660000
842,1009,91,59,10000,680000
843,1009,30,110,5000,700000
844,1009,40,41,1,720000
845,1009,91,59,20000,740000
846,1009,30,110,10000,760000
847,1009,11,88,2,780000
848,1009,97,115,5,800000
849,1009,91,59,20000,820000
850,1009,30,110,10000,840000
851,1009,93,44,1,860000
852,1009,91,59,20000,880000
853,1009,30,110,10000,900000
854,1009,164,149,1,920000
855,1009,11,102,2,940000
856,1009,91,59,20000,960000
857,1009,30,110,10000,980000
858,1009,90,43,500,1000000
859,1010,103,98,300,2000
860,1010,91,59,2000,4000
861,1010,30,110,1000,6000
862,1010,34,95,1,8000
863,1010,103,98,300,12000
864,1010,91,59,2000,14000
865,1010,30,110,1000,16000
866,1010,34,95,1,18000
867,1010,103,98,300,22000
868,1010,91,59,2000,24000
869,1010,30,110,1000,26000
870,1010,34,95,1,28000
871,1010,103,98,300,32000
872,1010,91,59,4000,34000
873,1010,30,110,2000,36000
874,1010,34,95,1,38000
875,1010,103,98,300,42000
876,1010,91,59,4000,44000
877,1010,30,110,2000,46000
878,1010,34,95,2,48000
879,1010,103,98,300,52000
880,1010,91,59,4000,54000
881,1010,30,110,2000,56000
882,1010,34,95,2,58000
883,1010,103,98,300,62000
884,1010,91,59,4000,64000
885,1010,30,110,2000,66000
886,1010,34,95,2,68000
887,1010,20,32,1,72000
888,1010,91,59,6000,74000
889,1010,30,110,3000,76000
890,1010,34,95,2,78000
891,1010,150,116,1,80000
892,1010,21,34,1,85000
893,1010,91,59,6000,90000
894,1010,30,110,3000,95000
895,1010,90,43,100,100000
896,1010,40,111,1,105000
897,1010,20,32,1,110000
898,1010,91,59,6000,115000
899,1010,30,110,3000,120000
900,1010,93,44,1,125000
901,1010,21,34,1,130000
902,1010,91,59,6000,135000
903,1010,30,110,3000,140000
904,1010,150,116,1,145000
905,1010,90,43,100,150000
906,1010,20,32,1,155000
907,1010,91,59,8000,160000
908,1010,30,110,4000,165000
909,1010,97,115,5,170000
910,1010,11,71,2,175000
911,1010,150,116,1,180000
912,1010,91,59,8000,185000
913,1010,30,110,4000,190000
914,1010,40,41,1,195000
915,1010,90,43,150,200000
916,1010,20,32,1,210000
917,1010,91,59,8000,220000
918,1010,30,110,4000,230000
919,1010,93,44,1,240000
920,1010,97,115,5,250000
921,1010,11,73,2,260000
922,1010,11,74,2,270000
923,1010,91,59,8000,280000
924,1010,30,110,4000,290000
925,1010,164,149,1,300000
926,1010,90,43,150,310000
927,1010,91,59,8000,320000
928,1010,30,110,4000,330000
929,1010,97,115,5,340000
930,1010,91,59,8000,350000
931,1010,30,110,4000,360000
932,1010,11,78,2,370000
933,1010,91,59,8000,380000
934,1010,30,110,4000,390000
935,1010,51,30084,1,400000
936,1010,91,59,10000,420000
937,1010,30,110,5000,440000
938,1010,90,43,200,460000
939,1010,91,59,10000,480000
940,1010,30,110,5000,500000
941,1010,40,111,1,520000
942,1010,91,59,10000,540000
943,1010,30,110,5000,560000
944,1010,11,83,2,580000
945,1010,164,149,1,600000
946,1010,91,59,10000,620000
947,1010,30,110,5000,640000
948,1010,90,43,300,660000
949,1010,91,59,10000,680000
950,1010,30,110,5000,700000
951,1010,40,41,1,720000
952,1010,91,59,20000,740000
953,1010,30,110,10000,760000
954,1010,11,84,2,780000
955,1010,97,115,5,800000
956,1010,91,59,20000,820000
957,1010,30,110,10000,840000
958,1010,93,44,1,860000
959,1010,91,59,20000,880000
960,1010,30,110,10000,900000
961,1010,164,149,1,920000
962,1010,11,90,2,940000
963,1010,91,59,20000,960000
964,1010,30,110,10000,980000
965,1010,90,43,500,1000000
966,1011,103,98,300,2000
967,1011,91,59,2000,4000
968,1011,30,110,1000,6000
969,1011,34,95,1,8000
970,1011,103,98,300,12000
971,1011,91,59,2000,14000
972,1011,30,110,1000,16000
973,1011,34,95,1,18000
974,1011,103,98,300,22000
975,1011,91,59,2000,24000
976,1011,30,110,1000,26000
977,1011,34,95,1,28000
978,1011,103,98,300,32000
979,1011,91,59,4000,34000
980,1011,30,110,2000,36000
981,1011,34,95,1,38000
982,1011,103,98,300,42000
983,1011,91,59,4000,44000
984,1011,30,110,2000,46000
985,1011,34,95,2,48000
986,1011,103,98,300,52000
987,1011,91,59,4000,54000
988,1011,30,110,2000,56000
989,1011,34,95,2,58000
990,1011,103,98,300,62000
991,1011,91,59,4000,64000
992,1011,30,110,2000,66000
993,1011,34,95,2,68000
994,1011,20,32,1,72000
995,1011,91,59,6000,74000
996,1011,30,110,3000,76000
997,1011,34,95,2,78000
998,1011,150,116,1,82000
999,1011,21,34,1,84000
1000,1011,91,59,6000,86000
1001,1011,30,110,3000,88000
1002,1011,11,74,2,95000
1003,1011,90,43,100,100000
1004,1011,40,111,1,105000
1005,1011,20,32,1,110000
1006,1011,91,59,6000,115000
1007,1011,30,110,3000,120000
1008,1011,93,44,1,125000
1009,1011,21,34,1,130000
1010,1011,91,59,6000,135000
1011,1011,30,110,3000,140000
1012,1011,150,116,1,145000
1013,1011,90,43,100,150000
1014,1011,20,32,1,155000
1015,1011,91,59,8000,160000
1016,1011,30,110,4000,165000
1017,1011,97,115,5,170000
1018,1011,11,84,2,175000
1019,1011,150,116,1,180000
1020,1011,91,59,8000,185000
1021,1011,30,110,4000,190000
1022,1011,40,41,1,195000
1023,1011,90,43,150,200000
1024,1011,20,32,1,210000
1025,1011,91,59,8000,220000
1026,1011,30,110,4000,230000
1027,1011,93,44,1,240000
1028,1011,97,115,5,250000
1029,1011,51,20043,1,260000
1030,1011,11,91,2,270000
1031,1011,91,59,8000,280000
1032,1011,30,110,4000,290000
1033,1011,164,149,1,300000
1034,1011,90,43,150,310000
1035,1011,91,59,8000,320000
1036,1011,30,110,4000,330000
1037,1011,97,115,5,340000
1038,1011,91,59,8000,350000
1039,1011,30,110,4000,360000
1040,1011,11,83,2,370000
1041,1011,91,59,8000,380000
1042,1011,30,110,4000,390000
1043,1011,51,30087,1,400000
1044,1011,91,59,10000,420000
1045,1011,30,110,5000,440000
1046,1011,90,43,200,460000
1047,1011,91,59,10000,480000
1048,1011,30,110,5000,500000
1049,1011,40,111,1,520000
1050,1011,91,59,10000,540000
1051,1011,30,110,5000,560000
1052,1011,11,78,2,580000
1053,1011,164,149,1,600000
1054,1011,91,59,10000,620000
1055,1011,30,110,5000,640000
1056,1011,90,43,300,660000
1057,1011,91,59,10000,680000
1058,1011,30,110,5000,700000
1059,1011,40,41,1,720000
1060,1011,91,59,20000,740000
1061,1011,30,110,10000,760000
1062,1011,11,74,2,780000
1063,1011,97,115,5,800000
1064,1011,91,59,20000,820000
1065,1011,30,110,10000,840000
1066,1011,93,44,1,860000
1067,1011,91,59,20000,880000
1068,1011,30,110,10000,900000
1069,1011,164,149,1,920000
1070,1011,11,83,2,940000
1071,1011,91,59,20000,960000
1072,1011,30,110,10000,980000
1073,1011,90,43,500,1000000
1074,1012,103,98,300,2000
1075,1012,91,59,5000,4000
1076,1012,30,110,3000,6000
1077,1012,34,95,1,8000
1078,1012,11,160,2,12000
1079,1012,91,59,5000,14000
1080,1012,30,110,3000,16000
1081,1012,34,95,1,18000
1082,1012,103,98,600,22000
1083,1012,91,59,5000,24000
1084,1012,30,110,3000,26000
1085,1012,34,95,1,28000
1086,1012,11,160,2,32000
1087,1012,91,59,10000,34000
1088,1012,30,110,3000,36000
1089,1012,34,95,1,38000
1090,1012,103,98,600,42000
1091,1012,91,59,10000,44000
1092,1012,30,110,3000,46000
1093,1012,34,95,2,48000
1094,1012,11,161,1,52000
1095,1012,91,59,10000,54000
1096,1012,30,110,3000,56000
1097,1012,34,95,2,58000
1098,1012,103,98,600,62000
1099,1012,91,59,10000,64000
1100,1012,30,110,3000,66000
1101,1012,34,95,2,68000
1102,1012,20,32,1,72000
1103,1012,91,59,10000,74000
1104,1012,30,110,4000,76000
1105,1012,34,95,2,78000
1106,1012,150,116,1,80000
1107,1012,21,34,1,85000
1108,1012,11,160,2,90000
1109,1012,30,110,4000,95000
1110,1012,90,43,100,100000
1111,1012,40,111,1,105000
1112,1012,20,32,1,110000
1113,1012,91,59,15000,115000
1114,1012,30,110,4000,120000
1115,1012,93,44,1,125000
1116,1012,21,34,1,130000
1117,1012,11,160,2,135000
1118,1012,30,110,4000,140000
1119,1012,150,116,1,145000
1120,1012,90,43,100,150000
1121,1012,20,32,1,155000
1122,1012,91,59,15000,160000
1123,1012,30,110,4000,165000
1124,1012,97,115,5,170000
1125,1012,11,71,2,175000
1126,1012,150,116,1,180000
1127,1012,11,161,1,185000
1128,1012,30,110,4000,190000
1129,1012,40,41,1,195000
1130,1012,90,43,150,200000
1131,1012,20,32,1,210000
1132,1012,91,59,15000,220000
1133,1012,30,110,4000,230000
1134,1012,93,44,1,240000
1135,1012,97,115,5,250000
1136,1012,11,73,2,260000
1137,1012,11,162,1,270000
1138,1012,30,110,4000,280000
1139,1012,11,74,2,290000
1140,1012,164,149,1,300000
1141,1012,90,43,150,310000
1142,1012,97,115,5,320000
1143,1012,91,59,15000,330000
1144,1012,30,110,4000,340000
1145,1012,11,78,2,350000
1146,1012,11,83,2,360000
1147,1012,11,160,2,370000
1148,1012,91,59,15000,380000
1149,1012,30,110,4000,390000
1150,1012,51,30092,1,400000
1151,1012,11,84,2,420000
1152,1012,90,43,200,440000
1153,1012,91,59,20000,460000
1154,1012,30,110,5000,480000
1155,1012,11,163,1,500000
1156,1012,40,111,1,520000
1157,1012,91,59,20000,540000
1158,1012,30,110,5000,560000
1159,1012,11,161,1,580000
1160,1012,164,149,1,600000
1161,1012,90,43,300,620000
1162,1012,91,59,20000,640000
1163,1012,30,110,5000,660000
1164,1012,97,115,5,680000
1165,1012,40,41,1,700000
1166,1012,91,59,30000,720000
1167,1012,30,110,10000,740000
1168,1012,11,90,2,760000
1169,1012,11,162,1,780000
1170,1012,91,59,30000,800000
1171,1012,30,110,10000,820000
1172,1012,93,44,1,840000
1173,1012,11,161,1,860000
1174,1012,91,59,30000,880000
1175,1012,30,110,10000,900000
1176,1012,164,149,1,920000
1177,1012,11,161,2,940000
1178,1012,91,59,30000,960000
1179,1012,30,110,10000,980000
1180,1012,90,43,500,1000000
1181,1013,103,98,300,2000
1182,1013,91,59,5000,4000
1183,1013,30,110,3000,6000
1184,1013,34,95,1,8000
1185,1013,11,160,2,12000
1186,1013,91,59,5000,14000
1187,1013,30,110,3000,16000
1188,1013,34,95,1,18000
1189,1013,103,98,600,22000
1190,1013,91,59,5000,24000
1191,1013,30,110,3000,26000
1192,1013,34,95,1,28000
1193,1013,11,160,2,32000
1194,1013,91,59,10000,34000
1195,1013,30,110,3000,36000
1196,1013,34,95,1,38000
1197,1013,103,98,600,42000
1198,1013,91,59,10000,44000
1199,1013,30,110,3000,46000
1200,1013,34,95,2,48000
1201,1013,11,161,1,52000
1202,1013,91,59,10000,54000
1203,1013,30,110,3000,56000
1204,1013,34,95,2,58000
1205,1013,103,98,600,62000
1206,1013,91,59,10000,64000
1207,1013,30,110,3000,66000
1208,1013,34,95,2,68000
1209,1013,20,32,1,72000
1210,1013,91,59,10000,74000
1211,1013,30,110,4000,76000
1212,1013,34,95,2,78000
1213,1013,150,116,1,80000
1214,1013,21,34,1,85000
1215,1013,11,160,2,90000
1216,1013,30,110,4000,95000
1217,1013,90,43,100,100000
1218,1013,40,111,1,105000
1219,1013,20,32,1,110000
1220,1013,91,59,15000,115000
1221,1013,30,110,4000,120000
1222,1013,93,44,1,125000
1223,1013,21,34,1,130000
1224,1013,11,160,2,135000
1225,1013,30,110,4000,140000
1226,1013,150,116,1,145000
1227,1013,90,43,100,150000
1228,1013,20,32,1,155000
1229,1013,91,59,15000,160000
1230,1013,30,110,4000,165000
1231,1013,97,115,5,170000
1232,1013,11,92,2,175000
1233,1013,150,116,1,180000
1234,1013,11,161,1,185000
1235,1013,30,110,4000,190000
1236,1013,40,41,1,195000
1237,1013,90,43,150,200000
1238,1013,20,32,1,210000
1239,1013,91,59,15000,220000
1240,1013,30,110,4000,230000
1241,1013,93,44,1,240000
1242,1013,97,115,5,250000
1243,1013,11,73,2,260000
1244,1013,11,162,1,270000
1245,1013,30,110,4000,280000
1246,1013,11,71,2,290000
1247,1013,164,149,1,300000
1248,1013,90,43,150,310000
1249,1013,97,115,5,320000
1250,1013,91,59,15000,330000
1251,1013,30,110,4000,340000
1252,1013,11,70,2,350000
1253,1013,11,80,2,360000
1254,1013,11,160,2,370000
1255,1013,91,59,15000,380000
1256,1013,30,110,4000,390000
1257,1013,51,30096,1,400000
1258,1013,11,84,2,420000
1259,1013,90,43,200,440000
1260,1013,91,59,20000,460000
1261,1013,30,110,5000,480000
1262,1013,11,163,1,500000
1263,1013,40,111,1,520000
1264,1013,91,59,20000,540000
1265,1013,30,110,5000,560000
1266,1013,11,161,1,580000
1267,1013,164,149,1,600000
1268,1013,90,43,300,620000
1269,1013,91,59,20000,640000
1270,1013,30,110,5000,660000
1271,1013,97,115,5,680000
1272,1013,40,41,1,700000
1273,1013,91,59,30000,720000
1274,1013,30,110,10000,740000
1275,1013,11,91,2,760000
1276,1013,11,162,1,780000
1277,1013,91,59,30000,800000
1278,1013,30,110,10000,820000
1279,1013,93,44,1,840000
1280,1013,11,161,1,860000
1281,1013,91,59,30000,880000
1282,1013,30,110,10000,900000
1283,1013,164,149,1,920000
1284,1013,11,161,2,940000
1285,1013,91,59,30000,960000
1286,1013,30,110,10000,980000
1287,1013,90,43,500,1000000
1288,1014,103,98,300,2000
1289,1014,91,59,5000,4000
1290,1014,30,110,3000,6000
1291,1014,34,95,1,8000
1292,1014,11,160,2,12000
1293,1014,91,59,5000,14000
1294,1014,30,110,3000,16000
1295,1014,34,95,1,18000
1296,1014,103,98,600,22000
1297,1014,91,59,5000,24000
1298,1014,30,110,3000,26000
1299,1014,34,95,1,28000
1300,1014,11,160,2,32000
1301,1014,91,59,10000,34000
1302,1014,30,110,3000,36000
1303,1014,34,95,1,38000
1304,1014,103,98,600,42000
1305,1014,91,59,10000,44000
1306,1014,30,110,3000,46000
1307,1014,34,95,2,48000
1308,1014,11,161,1,52000
1309,1014,91,59,10000,54000
1310,1014,30,110,3000,56000
1311,1014,34,95,2,58000
1312,1014,103,98,600,62000
1313,1014,91,59,10000,64000
1314,1014,30,110,3000,66000
1315,1014,34,95,2,68000
1316,1014,20,32,1,72000
1317,1014,91,59,10000,74000
1318,1014,30,110,4000,76000
1319,1014,34,95,2,78000
1320,1014,150,116,1,80000
1321,1014,21,34,1,85000
1322,1014,11,160,2,90000
1323,1014,30,110,4000,95000
1324,1014,90,43,100,100000
1325,1014,40,111,1,105000
1326,1014,20,32,1,110000
1327,1014,91,59,15000,115000
1328,1014,30,110,4000,120000
1329,1014,93,44,1,125000
1330,1014,21,34,1,130000
1331,1014,11,160,2,135000
1332,1014,30,110,4000,140000
1333,1014,150,116,1,145000
1334,1014,90,43,100,150000
1335,1014,20,32,1,155000
1336,1014,91,59,15000,160000
1337,1014,30,110,4000,165000
1338,1014,97,115,5,170000
1339,1014,11,72,2,175000
1340,1014,150,116,1,180000
1341,1014,11,161,1,185000
1342,1014,30,110,4000,190000
1343,1014,40,41,1,195000
1344,1014,90,43,150,200000
1345,1014,20,32,1,210000
1346,1014,91,59,15000,220000
1347,1014,30,110,4000,230000
1348,1014,93,44,1,240000
1349,1014,97,115,5,250000
1350,1014,11,82,2,260000
1351,1014,11,162,1,270000
1352,1014,30,110,4000,280000
1353,1014,11,89,2,290000
1354,1014,164,149,1,300000
1355,1014,90,43,150,310000
1356,1014,97,115,5,320000
1357,1014,91,59,15000,330000
1358,1014,30,110,4000,340000
1359,1014,11,77,2,350000
1360,1014,11,70,2,360000
1361,1014,11,160,2,370000
1362,1014,91,59,15000,380000
1363,1014,30,110,4000,390000
1364,1014,51,30100,1,400000
1365,1014,11,86,2,420000
1366,1014,90,43,200,440000
1367,1014,91,59,20000,460000
1368,1014,30,110,5000,480000
1369,1014,11,163,1,500000
1370,1014,40,111,1,520000
1371,1014,91,59,20000,540000
1372,1014,30,110,5000,560000
1373,1014,11,161,1,580000
1374,1014,164,149,1,600000
1375,1014,90,43,300,620000
1376,1014,91,59,20000,640000
1377,1014,30,110,5000,660000
1378,1014,97,115,5,680000
1379,1014,40,41,1,700000
1380,1014,91,59,30000,720000
1381,1014,30,110,10000,740000
1382,1014,11,76,2,760000
1383,1014,11,162,1,780000
1384,1014,91,59,30000,800000
1385,1014,30,110,10000,820000
1386,1014,93,44,1,840000
1387,1014,11,161,1,860000
1388,1014,91,59,30000,880000
1389,1014,30,110,10000,900000
1390,1014,164,149,1,920000
1391,1014,11,161,2,940000
1392,1014,91,59,30000,960000
1393,1014,30,110,10000,980000
1394,1014,90,43,500,1000000
1395,1015,103,98,300,2000
1396,1015,91,59,5000,4000
1397,1015,30,110,3000,6000
1398,1015,34,95,2,8000
1399,1015,11,160,2,12000
1400,1015,91,59,5000,14000
1401,1015,30,110,3000,16000
1402,1015,34,95,2,18000
1403,1015,103,98,600,22000
1404,1015,91,59,5000,24000
1405,1015,30,110,3000,26000
1406,1015,34,95,2,28000
1407,1015,11,160,2,32000
1408,1015,91,59,10000,34000
1409,1015,30,110,3000,36000
1410,1015,34,95,2,38000
1411,1015,103,98,600,42000
1412,1015,91,59,10000,44000
1413,1015,30,110,3000,46000
1414,1015,34,95,4,48000
1415,1015,11,161,1,52000
1416,1015,91,59,10000,54000
1417,1015,30,110,3000,56000
1418,1015,34,95,4,58000
1419,1015,103,98,600,62000
1420,1015,91,59,10000,64000
1421,1015,30,110,3000,66000
1422,1015,34,95,4,68000
1423,1015,20,32,1,72000
1424,1015,91,59,10000,74000
1425,1015,30,110,4000,76000
1426,1015,34,95,4,78000
1427,1015,150,116,1,80000
1428,1015,21,34,1,85000
1429,1015,11,160,2,90000
1430,1015,30,110,4000,95000
1431,1015,90,43,100,100000
1432,1015,40,111,1,105000
1433,1015,20,32,1,110000
1434,1015,91,59,15000,115000
1435,1015,30,110,4000,120000
1436,1015,93,44,1,125000
1437,1015,21,34,1,130000
1438,1015,11,160,2,135000
1439,1015,30,110,4000,140000
1440,1015,150,116,1,145000
1441,1015,90,43,100,150000
1442,1015,20,32,1,155000
1443,1015,91,59,15000,160000
1444,1015,30,110,4000,165000
1445,1015,97,115,5,170000
1446,1015,11,71,2,175000
1447,1015,150,116,1,180000
1448,1015,11,161,1,185000
1449,1015,30,110,4000,190000
1450,1015,40,41,1,195000
1451,1015,90,43,150,200000
1452,1015,20,32,1,210000
1453,1015,91,59,15000,220000
1454,1015,30,110,4000,230000
1455,1015,93,44,1,240000
1456,1015,97,115,5,250000
1457,1015,11,77,2,260000
1458,1015,11,162,1,270000
1459,1015,30,110,4000,280000
1460,1015,11,79,2,290000
1461,1015,164,149,1,300000
1462,1015,90,43,150,310000
1463,1015,97,115,5,320000
1464,1015,91,59,15000,330000
1465,1015,30,110,4000,340000
1466,1015,11,81,2,350000
1467,1015,11,82,2,360000
1468,1015,11,160,2,370000
1469,1015,91,59,15000,380000
1470,1015,30,110,4000,390000
1471,1015,51,30104,1,400000
1472,1015,11,86,2,420000
1473,1015,90,43,200,440000
1474,1015,91,59,20000,460000
1475,1015,30,110,5000,480000
1476,1015,11,163,1,500000
1477,1015,40,111,1,520000
1478,1015,91,59,20000,540000
1479,1015,30,110,5000,560000
1480,1015,11,161,1,580000
1481,1015,164,149,1,600000
1482,1015,90,43,300,620000
1483,1015,91,59,20000,640000
1484,1015,30,110,5000,660000
1485,1015,97,115,5,680000
1486,1015,40,41,1,700000
1487,1015,91,59,30000,720000
1488,1015,30,110,10000,740000
1489,1015,11,85,2,760000
1490,1015,11,162,1,780000
1491,1015,91,59,30000,800000
1492,1015,30,110,10000,820000
1493,1015,93,44,1,840000
1494,1015,11,161,1,860000
1495,1015,91,59,30000,880000
1496,1015,30,110,10000,900000
1497,1015,164,149,1,920000
1498,1015,11,161,2,940000
1499,1015,91,59,30000,960000
1500,1015,30,110,10000,980000
1501,1015,90,43,500,1000000
1502,1016,103,98,300,2000
1503,1016,91,59,5000,4000
1504,1016,30,110,3000,6000
1505,1016,34,95,2,8000
1506,1016,11,160,2,12000
1507,1016,91,59,5000,14000
1508,1016,30,110,3000,16000
1509,1016,34,95,2,18000
1510,1016,103,98,600,22000
1511,1016,91,59,5000,24000
1512,1016,30,110,3000,26000
1513,1016,34,95,2,28000
1514,1016,11,160,2,32000
1515,1016,91,59,10000,34000
1516,1016,30,110,3000,36000
1517,1016,34,95,2,38000
1518,1016,103,98,600,42000
1519,1016,91,59,10000,44000
1520,1016,30,110,3000,46000
1521,1016,34,95,4,48000
1522,1016,11,161,1,52000
1523,1016,91,59,10000,54000
1524,1016,30,110,3000,56000
1525,1016,34,95,4,58000
1526,1016,103,98,600,62000
1527,1016,91,59,10000,64000
1528,1016,30,110,3000,66000
1529,1016,34,95,4,68000
1530,1016,20,32,1,72000
1531,1016,91,59,10000,74000
1532,1016,30,110,4000,76000
1533,1016,34,95,4,78000
1534,1016,150,116,1,80000
1535,1016,21,34,1,85000
1536,1016,11,160,2,90000
1537,1016,30,110,4000,95000
1538,1016,90,43,100,100000
1539,1016,40,111,1,105000
1540,1016,20,32,1,110000
1541,1016,91,59,15000,115000
1542,1016,30,110,4000,120000
1543,1016,93,44,1,125000
1544,1016,21,34,1,130000
1545,1016,11,160,2,135000
1546,1016,30,110,4000,140000
1547,1016,150,116,1,145000
1548,1016,90,43,100,150000
1549,1016,20,32,1,155000
1550,1016,91,59,15000,160000
1551,1016,30,110,4000,165000
1552,1016,97,115,5,170000
1553,1016,11,74,2,175000
1554,1016,150,116,1,180000
1555,1016,11,161,1,185000
1556,1016,30,110,4000,190000
1557,1016,40,41,1,195000
1558,1016,90,43,150,200000
1559,1016,20,32,1,210000
1560,1016,91,59,15000,220000
1561,1016,30,110,4000,230000
1562,1016,93,44,1,240000
1563,1016,97,115,5,250000
1564,1016,11,80,2,260000
1565,1016,11,162,1,270000
1566,1016,30,110,4000,280000
1567,1016,11,83,2,290000
1568,1016,164,149,1,300000
1569,1016,90,43,150,310000
1570,1016,97,115,5,320000
1571,1016,91,59,15000,330000
1572,1016,30,110,4000,340000
1573,1016,11,71,2,350000
1574,1016,11,91,2,360000
1575,1016,11,160,2,370000
1576,1016,91,59,15000,380000
1577,1016,30,110,4000,390000
1578,1016,51,30109,1,400000
1579,1016,11,73,2,420000
1580,1016,90,43,200,440000
1581,1016,91,59,20000,460000
1582,1016,30,110,5000,480000
1583,1016,11,163,1,500000
1584,1016,40,111,1,520000
1585,1016,91,59,20000,540000
1586,1016,30,110,5000,560000
1587,1016,11,161,1,580000
1588,1016,164,149,1,600000
1589,1016,90,43,300,620000
1590,1016,91,59,20000,640000
1591,1016,30,110,5000,660000
1592,1016,97,115,5,680000
1593,1016,40,41,1,700000
1594,1016,91,59,30000,720000
1595,1016,30,110,10000,740000
1596,1016,11,92,2,760000
1597,1016,11,162,1,780000
1598,1016,91,59,30000,800000
1599,1016,30,110,10000,820000
1600,1016,93,44,1,840000
1601,1016,11,161,1,860000
1602,1016,91,59,30000,880000
1603,1016,30,110,10000,900000
1604,1016,164,149,1,920000
1605,1016,11,161,2,940000
1606,1016,91,59,30000,960000
1607,1016,30,110,10000,980000
1608,1016,90,43,500,1000000
1609,1017,103,98,300,2000
1610,1017,91,59,5000,4000
1611,1017,30,110,3000,6000
1612,1017,34,95,2,8000
1613,1017,11,160,2,12000
1614,1017,91,59,5000,14000
1615,1017,30,110,3000,16000
1616,1017,34,95,2,18000
1617,1017,103,98,600,22000
1618,1017,91,59,5000,24000
1619,1017,30,110,3000,26000
1620,1017,34,95,2,28000
1621,1017,11,160,2,32000
1622,1017,91,59,10000,34000
1623,1017,30,110,3000,36000
1624,1017,34,95,2,38000
1625,1017,103,98,600,42000
1626,1017,91,59,10000,44000
1627,1017,30,110,3000,46000
1628,1017,34,95,4,48000
1629,1017,11,161,1,52000
1630,1017,91,59,10000,54000
1631,1017,30,110,3000,56000
1632,1017,34,95,4,58000
1633,1017,103,98,600,62000
1634,1017,91,59,10000,64000
1635,1017,30,110,3000,66000
1636,1017,34,95,4,68000
1637,1017,20,32,1,72000
1638,1017,91,59,10000,74000
1639,1017,30,110,4000,76000
1640,1017,34,95,4,78000
1641,1017,150,116,1,80000
1642,1017,21,34,1,85000
1643,1017,11,160,2,90000
1644,1017,30,110,4000,95000
1645,1017,90,43,100,100000
1646,1017,40,111,1,105000
1647,1017,20,32,1,110000
1648,1017,91,59,15000,115000
1649,1017,30,110,4000,120000
1650,1017,93,44,1,125000
1651,1017,21,34,1,130000
1652,1017,11,160,2,135000
1653,1017,30,110,4000,140000
1654,1017,150,116,1,145000
1655,1017,90,43,100,150000
1656,1017,20,32,1,155000
1657,1017,91,59,15000,160000
1658,1017,30,110,4000,165000
1659,1017,97,115,5,170000
1660,1017,11,73,2,175000
1661,1017,150,116,1,180000
1662,1017,11,161,1,185000
1663,1017,30,110,4000,190000
1664,1017,40,41,1,195000
1665,1017,90,43,150,200000
1666,1017,20,32,1,210000
1667,1017,91,59,15000,220000
1668,1017,30,110,4000,230000
1669,1017,93,44,1,240000
1670,1017,97,115,5,250000
1671,1017,11,78,2,260000
1672,1017,11,162,1,270000
1673,1017,30,110,4000,280000
1674,1017,11,83,2,290000
1675,1017,164,149,1,300000
1676,1017,90,43,150,310000
1677,1017,97,115,5,320000
1678,1017,91,59,15000,330000
1679,1017,30,110,4000,340000
1680,1017,11,87,2,350000
1681,1017,11,92,2,360000
1682,1017,11,160,2,370000
1683,1017,91,59,15000,380000
1684,1017,30,110,4000,390000
1685,1017,51,30113,1,400000
1686,1017,11,71,2,420000
1687,1017,90,43,200,440000
1688,1017,91,59,20000,460000
1689,1017,30,110,5000,480000
1690,1017,11,163,1,500000
1691,1017,40,111,1,520000
1692,1017,91,59,20000,540000
1693,1017,30,110,5000,560000
1694,1017,11,161,1,580000
1695,1017,164,149,1,600000
1696,1017,90,43,300,620000
1697,1017,91,59,20000,640000
1698,1017,30,110,5000,660000
1699,1017,97,115,5,680000
1700,1017,40,41,1,700000
1701,1017,91,59,30000,720000
1702,1017,30,110,10000,740000
1703,1017,11,74,2,760000
1704,1017,11,162,1,780000
1705,1017,91,59,30000,800000
1706,1017,30,110,10000,820000
1707,1017,93,44,1,840000
1708,1017,11,161,1,860000
1709,1017,91,59,30000,880000
1710,1017,30,110,10000,900000
1711,1017,164,149,1,920000
1712,1017,11,161,2,940000
1713,1017,91,59,30000,960000
1714,1017,30,110,10000,980000
1715,1017,90,43,500,1000000
1716,1018,103,98,300,2000
1717,1018,91,59,5000,4000
1718,1018,30,110,3000,6000
1719,1018,34,95,2,8000
1720,1018,11,160,2,12000
1721,1018,91,59,5000,14000
1722,1018,30,110,3000,16000
1723,1018,34,95,2,18000
1724,1018,103,98,600,22000
1725,1018,91,59,5000,24000
1726,1018,30,110,3000,26000
1727,1018,34,95,2,28000
1728,1018,11,160,2,32000
1729,1018,91,59,10000,34000
1730,1018,30,110,3000,36000
1731,1018,34,95,2,38000
1732,1018,103,98,600,42000
1733,1018,91,59,10000,44000
1734,1018,30,110,3000,46000
1735,1018,34,95,4,48000
1736,1018,11,161,1,52000
1737,1018,91,59,10000,54000
1738,1018,30,110,3000,56000
1739,1018,34,95,4,58000
1740,1018,103,98,600,62000
1741,1018,91,59,10000,64000
1742,1018,30,110,3000,66000
1743,1018,34,95,4,68000
1744,1018,20,32,1,72000
1745,1018,91,59,10000,74000
1746,1018,30,110,4000,76000
1747,1018,34,95,4,78000
1748,1018,150,116,1,80000
1749,1018,21,34,1,85000
1750,1018,11,160,2,90000
1751,1018,30,110,4000,95000
1752,1018,90,43,100,100000
1753,1018,40,111,1,105000
1754,1018,20,32,1,110000
1755,1018,91,59,15000,115000
1756,1018,30,110,4000,120000
1757,1018,93,44,1,125000
1758,1018,21,34,1,130000
1759,1018,11,160,2,135000
1760,1018,30,110,4000,140000
1761,1018,150,116,1,145000
1762,1018,90,43,100,150000
1763,1018,20,32,1,155000
1764,1018,91,59,15000,160000
1765,1018,30,110,4000,165000
1766,1018,97,115,5,170000
1767,1018,11,179,2,175000
1768,1018,150,116,1,180000
1769,1018,11,161,1,185000
1770,1018,30,110,4000,190000
1771,1018,40,41,1,195000
1772,1018,90,43,150,200000
1773,1018,20,32,1,210000
1774,1018,91,59,15000,220000
1775,1018,30,110,4000,230000
1776,1018,93,44,1,240000
1777,1018,97,115,5,250000
1778,1018,11,84,2,260000
1779,1018,11,162,1,270000
1780,1018,30,110,4000,280000
1781,1018,11,80,2,290000
1782,1018,164,149,1,300000
1783,1018,90,43,150,310000
1784,1018,97,115,5,320000
1785,1018,91,59,15000,330000
1786,1018,30,110,4000,340000
1787,1018,11,79,2,350000
1788,1018,11,85,2,360000
1789,1018,11,160,2,370000
1790,1018,91,59,15000,380000
1791,1018,30,110,4000,390000
1792,1018,51,30117,1,400000
1793,1018,11,87,2,420000
1794,1018,90,43,200,440000
1795,1018,91,59,20000,460000
1796,1018,30,110,5000,480000
1797,1018,11,163,1,500000
1798,1018,40,111,1,520000
1799,1018,91,59,20000,540000
1800,1018,30,110,5000,560000
1801,1018,11,161,1,580000
1802,1018,164,149,1,600000
1803,1018,90,43,300,620000
1804,1018,91,59,20000,640000
1805,1018,30,110,5000,660000
1806,1018,97,115,5,680000
1807,1018,40,41,1,700000
1808,1018,91,59,30000,720000
1809,1018,30,110,10000,740000
1810,1018,11,74,2,760000
1811,1018,11,162,1,780000
1812,1018,91,59,30000,800000
1813,1018,30,110,10000,820000
1814,1018,93,44,1,840000
1815,1018,11,161,1,860000
1816,1018,91,59,30000,880000
1817,1018,30,110,10000,900000
1818,1018,164,149,1,920000
1819,1018,11,161,2,940000
1820,1018,91,59,30000,960000
1821,1018,30,110,10000,980000
1822,1018,90,43,500,1000000
1823,1019,103,98,300,2000
1824,1019,91,59,5000,4000
1825,1019,30,110,3000,6000
1826,1019,34,95,2,8000
1827,1019,11,160,2,12000
1828,1019,91,59,5000,14000
1829,1019,30,110,3000,16000
1830,1019,34,95,2,18000
1831,1019,103,98,600,22000
1832,1019,91,59,5000,24000
1833,1019,30,110,3000,26000
1834,1019,34,95,2,28000
1835,1019,11,160,2,32000
1836,1019,91,59,10000,34000
1837,1019,30,110,3000,36000
1838,1019,34,95,2,38000
1839,1019,103,98,600,42000
1840,1019,91,59,10000,44000
1841,1019,30,110,3000,46000
1842,1019,34,95,4,48000
1843,1019,11,161,1,52000
1844,1019,91,59,10000,54000
1845,1019,30,110,3000,56000
1846,1019,34,95,4,58000
1847,1019,103,98,600,62000
1848,1019,91,59,10000,64000
1849,1019,30,110,3000,66000
1850,1019,34,95,4,68000
1851,1019,20,32,1,72000
1852,1019,91,59,10000,74000
1853,1019,30,110,4000,76000
1854,1019,34,95,4,78000
1855,1019,150,116,1,80000
1856,1019,21,34,1,85000
1857,1019,11,160,2,90000
1858,1019,30,110,4000,95000
1859,1019,90,43,100,100000
1860,1019,40,111,1,105000
1861,1019,20,32,1,110000
1862,1019,91,59,15000,115000
1863,1019,30,110,4000,120000
1864,1019,93,44,1,125000
1865,1019,21,34,1,130000
1866,1019,11,160,2,135000
1867,1019,30,110,4000,140000
1868,1019,150,116,1,145000
1869,1019,90,43,100,150000
1870,1019,20,32,1,155000
1871,1019,91,59,15000,160000
1872,1019,30,110,4000,165000
1873,1019,97,115,5,170000
1874,1019,11,106,2,175000
1875,1019,150,116,1,180000
1876,1019,11,161,1,185000
1877,1019,30,110,4000,190000
1878,1019,40,41,1,195000
1879,1019,90,43,150,200000
1880,1019,20,32,1,210000
1881,1019,91,59,15000,220000
1882,1019,30,110,4000,230000
1883,1019,93,44,1,240000
1884,1019,97,115,5,250000
1885,1019,11,74,2,260000
1886,1019,11,162,1,270000
1887,1019,30,110,4000,280000
1888,1019,11,75,2,290000
1889,1019,164,149,1,300000
1890,1019,90,43,150,310000
1891,1019,97,115,5,320000
1892,1019,91,59,15000,330000
1893,1019,30,110,4000,340000
1894,1019,11,78,2,350000
1895,1019,11,90,2,360000
1896,1019,11,160,2,370000
1897,1019,91,59,15000,380000
1898,1019,30,110,4000,390000
1899,1019,51,30119,1,400000
1900,1019,11,85,2,420000
1901,1019,90,43,200,440000
1902,1019,91,59,20000,460000
1903,1019,30,110,5000,480000
1904,1019,11,163,1,500000
1905,1019,40,111,1,520000
1906,1019,91,59,20000,540000
1907,1019,30,110,5000,560000
1908,1019,11,161,1,580000
1909,1019,164,149,1,600000
1910,1019,90,43,300,620000
1911,1019,91,59,20000,640000
1912,1019,30,110,5000,660000
1913,1019,97,115,5,680000
1914,1019,40,41,1,700000
1915,1019,91,59,30000,720000
1916,1019,30,110,10000,740000
1917,1019,11,87,2,760000
1918,1019,11,162,1,780000
1919,1019,91,59,30000,800000
1920,1019,30,110,10000,820000
1921,1019,93,44,1,840000
1922,1019,11,161,1,860000
1923,1019,91,59,30000,880000
1924,1019,30,110,10000,900000
1925,1019,164,149,1,920000
1926,1019,11,161,2,940000
1927,1019,91,59,30000,960000
1928,1019,30,110,10000,980000
1929,1019,90,43,500,1000000
1930,1020,103,98,300,2000
1931,1020,91,59,5000,4000
1932,1020,30,110,3000,6000
1933,1020,34,95,2,8000
1934,1020,11,160,2,12000
1935,1020,91,59,5000,14000
1936,1020,30,110,3000,16000
1937,1020,34,95,2,18000
1938,1020,103,98,600,22000
1939,1020,91,59,5000,24000
1940,1020,30,110,3000,26000
1941,1020,34,95,2,28000
1942,1020,11,160,2,32000
1943,1020,91,59,10000,34000
1944,1020,30,110,3000,36000
1945,1020,34,95,2,38000
1946,1020,103,98,600,42000
1947,1020,91,59,10000,44000
1948,1020,30,110,3000,46000
1949,1020,34,95,4,48000
1950,1020,11,161,1,52000
1951,1020,91,59,10000,54000
1952,1020,30,110,3000,56000
1953,1020,34,95,4,58000
1954,1020,103,98,600,62000
1955,1020,91,59,10000,64000
1956,1020,30,110,3000,66000
1957,1020,34,95,4,68000
1958,1020,20,32,1,72000
1959,1020,91,59,10000,74000
1960,1020,30,110,4000,76000
1961,1020,34,95,4,78000
1962,1020,150,116,1,80000
1963,1020,21,34,1,85000
1964,1020,11,160,2,90000
1965,1020,30,110,4000,95000
1966,1020,90,43,100,100000
1967,1020,40,111,1,105000
1968,1020,20,32,1,110000
1969,1020,91,59,15000,115000
1970,1020,30,110,4000,120000
1971,1020,93,44,1,125000
1972,1020,21,34,1,130000
1973,1020,11,160,2,135000
1974,1020,30,110,4000,140000
1975,1020,150,116,1,145000
1976,1020,90,43,100,150000
1977,1020,20,32,1,155000
1978,1020,91,59,15000,160000
1979,1020,30,110,4000,165000
1980,1020,97,115,5,170000
1981,1020,11,89,2,175000
1982,1020,150,116,1,180000
1983,1020,11,161,1,185000
1984,1020,30,110,4000,190000
1985,1020,40,41,1,195000
1986,1020,90,43,150,200000
1987,1020,20,32,1,210000
1988,1020,91,59,15000,220000
1989,1020,30,110,4000,230000
1990,1020,93,44,1,240000
1991,1020,97,115,5,250000
1992,1020,11,84,2,260000
1993,1020,11,162,1,270000
1994,1020,30,110,4000,280000
1995,1020,11,87,2,290000
1996,1020,164,149,1,300000
1997,1020,90,43,150,310000
1998,1020,97,115,5,320000
1999,1020,91,59,15000,330000
2000,1020,30,110,4000,340000
2001,1020,11,78,2,350000
2002,1020,11,71,2,360000
2003,1020,11,160,2,370000
2004,1020,91,59,15000,380000
2005,1020,30,110,4000,390000
2006,1020,51,30125,1,400000
2007,1020,11,82,2,420000
2008,1020,90,43,200,440000
2009,1020,91,59,20000,460000
2010,1020,30,110,5000,480000
2011,1020,11,163,1,500000
2012,1020,40,111,1,520000
2013,1020,91,59,20000,540000
2014,1020,30,110,5000,560000
2015,1020,11,161,1,580000
2016,1020,164,149,1,600000
2017,1020,90,43,300,620000
2018,1020,91,59,20000,640000
2019,1020,30,110,5000,660000
2020,1020,97,115,5,680000
2021,1020,40,41,1,700000
2022,1020,91,59,30000,720000
2023,1020,30,110,10000,740000
2024,1020,11,86,2,760000
2025,1020,11,162,1,780000
2026,1020,91,59,30000,800000
2027,1020,30,110,10000,820000
2028,1020,93,44,1,840000
2029,1020,11,161,1,860000
2030,1020,91,59,30000,880000
2031,1020,30,110,10000,900000
2032,1020,164,149,1,920000
2033,1020,11,161,2,940000
2034,1020,91,59,30000,960000
2035,1020,30,110,10000,980000
2036,1020,90,43,500,1000000
2037,1021,103,98,300,2000
2038,1021,91,59,5000,4000
2039,1021,30,110,3000,6000
2040,1021,34,95,2,8000
2041,1021,11,160,2,12000
2042,1021,91,59,5000,14000
2043,1021,30,110,3000,16000
2044,1021,34,95,2,18000
2045,1021,103,98,600,22000
2046,1021,91,59,5000,24000
2047,1021,30,110,3000,26000
2048,1021,34,95,2,28000
2049,1021,11,160,2,32000
2050,1021,91,59,10000,34000
2051,1021,30,110,3000,36000
2052,1021,34,95,2,38000
2053,1021,103,98,600,42000
2054,1021,91,59,10000,44000
2055,1021,30,110,3000,46000
2056,1021,34,95,4,48000
2057,1021,11,161,1,52000
2058,1021,91,59,10000,54000
2059,1021,30,110,3000,56000
2060,1021,34,95,4,58000
2061,1021,103,98,600,62000
2062,1021,91,59,10000,64000
2063,1021,30,110,3000,66000
2064,1021,34,95,4,68000
2065,1021,20,32,1,72000
2066,1021,91,59,10000,74000
2067,1021,30,110,4000,76000
2068,1021,34,95,4,78000
2069,1021,150,116,1,80000
2070,1021,21,34,1,85000
2071,1021,11,160,2,90000
2072,1021,30,110,4000,95000
2073,1021,90,43,100,100000
2074,1021,40,111,1,105000
2075,1021,20,32,1,110000
2076,1021,91,59,15000,115000
2077,1021,30,110,4000,120000
2078,1021,93,44,1,125000
2079,1021,21,34,1,130000
2080,1021,11,160,2,135000
2081,1021,30,110,4000,140000
2082,1021,150,116,1,145000
2083,1021,90,43,100,150000
2084,1021,20,32,1,155000
2085,1021,91,59,15000,160000
2086,1021,30,110,4000,165000
2087,1021,97,115,5,170000
2088,1021,11,83,2,175000
2089,1021,150,116,1,180000
2090,1021,11,161,1,185000
2091,1021,30,110,4000,190000
2092,1021,40,41,1,195000
2093,1021,90,43,150,200000
2094,1021,20,32,1,210000
2095,1021,91,59,15000,220000
2096,1021,30,110,4000,230000
2097,1021,93,44,1,240000
2098,1021,97,115,5,250000
2099,1021,11,74,2,260000
2100,1021,11,162,1,270000
2101,1021,30,110,4000,280000
2102,1021,11,78,2,290000
2103,1021,164,149,1,300000
2104,1021,90,43,150,310000
2105,1021,97,115,5,320000
2106,1021,91,59,15000,330000
2107,1021,30,110,4000,340000
2108,1021,11,71,2,350000
2109,1021,11,84,2,360000
2110,1021,11,160,2,370000
2111,1021,91,59,15000,380000
2112,1021,30,110,4000,390000
2113,1021,51,30129,1,400000
2114,1021,11,87,2,420000
2115,1021,90,43,200,440000
2116,1021,91,59,20000,460000
2117,1021,30,110,5000,480000
2118,1021,11,163,1,500000
2119,1021,40,111,1,520000
2120,1021,91,59,20000,540000
2121,1021,30,110,5000,560000
2122,1021,11,161,1,580000
2123,1021,164,149,1,600000
2124,1021,90,43,300,620000
2125,1021,91,59,20000,640000
2126,1021,30,110,5000,660000
2127,1021,97,115,5,680000
2128,1021,40,41,1,700000
2129,1021,91,59,30000,720000
2130,1021,30,110,10000,740000
2131,1021,11,91,2,760000
2132,1021,11,162,1,780000
2133,1021,91,59,30000,800000
2134,1021,30,110,10000,820000
2135,1021,93,44,1,840000
2136,1021,11,161,1,860000
2137,1021,91,59,30000,880000
2138,1021,30,110,10000,900000
2139,1021,164,149,1,920000
2140,1021,11,161,2,940000
2141,1021,91,59,30000,960000
2142,1021,30,110,10000,980000
2143,1021,90,43,500,1000000
2144,1022,103,98,300,2000
2145,1022,91,59,5000,4000
2146,1022,30,110,3000,6000
2147,1022,34,95,2,8000
2148,1022,11,160,2,12000
2149,1022,91,59,5000,14000
2150,1022,30,110,3000,16000
2151,1022,34,95,2,18000
2152,1022,103,98,600,22000
2153,1022,91,59,5000,24000
2154,1022,30,110,3000,26000
2155,1022,34,95,2,28000
2156,1022,11,160,2,32000
2157,1022,91,59,10000,34000
2158,1022,30,110,3000,36000
2159,1022,34,95,2,38000
2160,1022,103,98,600,42000
2161,1022,91,59,10000,44000
2162,1022,30,110,3000,46000
2163,1022,34,95,4,48000
2164,1022,11,161,1,52000
2165,1022,91,59,10000,54000
2166,1022,30,110,3000,56000
2167,1022,34,95,4,58000
2168,1022,103,98,600,62000
2169,1022,91,59,10000,64000
2170,1022,30,110,3000,66000
2171,1022,34,95,4,68000
2172,1022,20,32,1,72000
2173,1022,91,59,10000,74000
2174,1022,30,110,4000,76000
2175,1022,34,95,4,78000
2176,1022,150,116,1,80000
2177,1022,21,34,1,85000
2178,1022,11,160,2,90000
2179,1022,30,110,4000,95000
2180,1022,90,43,100,100000
2181,1022,40,111,1,105000
2182,1022,20,32,1,110000
2183,1022,91,59,15000,115000
2184,1022,30,110,4000,120000
2185,1022,93,44,1,125000
2186,1022,21,34,1,130000
2187,1022,11,160,2,135000
2188,1022,30,110,4000,140000
2189,1022,150,116,1,145000
2190,1022,90,43,100,150000
2191,1022,20,32,1,155000
2192,1022,91,59,15000,160000
2193,1022,30,110,4000,165000
2194,1022,97,115,5,170000
2195,1022,11,71,2,175000
2196,1022,150,116,1,180000
2197,1022,11,161,1,185000
2198,1022,30,110,4000,190000
2199,1022,40,41,1,195000
2200,1022,90,43,150,200000
2201,1022,20,32,1,210000
2202,1022,91,59,15000,220000
2203,1022,30,110,4000,230000
2204,1022,93,44,1,240000
2205,1022,97,115,5,250000
2206,1022,11,73,2,260000
2207,1022,11,162,1,270000
2208,1022,30,110,4000,280000
2209,1022,11,78,2,290000
2210,1022,164,149,1,300000
2211,1022,90,43,150,310000
2212,1022,97,115,5,320000
2213,1022,91,59,15000,330000
2214,1022,30,110,4000,340000
2215,1022,11,80,2,350000
2216,1022,11,83,2,360000
2217,1022,11,160,2,370000
2218,1022,91,59,15000,380000
2219,1022,30,110,4000,390000
2220,1022,51,30133,1,400000
2221,1022,11,84,2,420000
2222,1022,90,43,200,440000
2223,1022,91,59,20000,460000
2224,1022,30,110,5000,480000
2225,1022,11,163,1,500000
2226,1022,40,111,1,520000
2227,1022,91,59,20000,540000
2228,1022,30,110,5000,560000
2229,1022,11,161,1,580000
2230,1022,164,149,1,600000
2231,1022,90,43,300,620000
2232,1022,91,59,20000,640000
2233,1022,30,110,5000,660000
2234,1022,97,115,5,680000
2235,1022,40,41,1,700000
2236,1022,91,59,30000,720000
2237,1022,30,110,10000,740000
2238,1022,11,90,2,760000
2239,1022,11,162,1,780000
2240,1022,91,59,30000,800000
2241,1022,30,110,10000,820000
2242,1022,93,44,1,840000
2243,1022,11,161,1,860000
2244,1022,91,59,30000,880000
2245,1022,30,110,10000,900000
2246,1022,164,149,1,920000
2247,1022,11,161,2,940000
2248,1022,91,59,30000,960000
2249,1022,30,110,10000,980000
2250,1022,90,43,500,1000000
2251,1023,103,98,300,2000
2252,1023,91,59,5000,4000
2253,1023,30,110,3000,6000
2254,1023,34,95,2,8000
2255,1023,11,160,2,12000
2256,1023,91,59,5000,14000
2257,1023,30,110,3000,16000
2258,1023,34,95,2,18000
2259,1023,103,98,600,22000
2260,1023,91,59,5000,24000
2261,1023,30,110,3000,26000
2262,1023,34,95,2,28000
2263,1023,11,160,2,32000
2264,1023,91,59,10000,34000
2265,1023,30,110,3000,36000
2266,1023,34,95,2,38000
2267,1023,103,98,600,42000
2268,1023,91,59,10000,44000
2269,1023,30,110,3000,46000
2270,1023,34,95,4,48000
2271,1023,11,161,1,52000
2272,1023,91,59,10000,54000
2273,1023,30,110,3000,56000
2274,1023,34,95,4,58000
2275,1023,103,98,600,62000
2276,1023,91,59,10000,64000
2277,1023,30,110,3000,66000
2278,1023,34,95,4,68000
2279,1023,20,32,1,72000
2280,1023,91,59,10000,74000
2281,1023,30,110,4000,76000
2282,1023,34,95,4,78000
2283,1023,150,116,1,82000
2284,1023,91,59,10000,84000
2285,1023,21,34,1,86000
2286,1023,11,160,2,88000
2287,1023,30,110,4000,95000
2288,1023,90,43,100,100000
2289,1023,40,111,1,105000
2290,1023,20,32,1,110000
2291,1023,91,59,15000,115000
2292,1023,30,110,4000,120000
2293,1023,93,44,1,125000
2294,1023,21,34,1,130000
2295,1023,11,160,2,135000
2296,1023,30,110,4000,140000
2297,1023,150,116,1,145000
2298,1023,90,43,100,150000
2299,1023,20,32,1,155000
2300,1023,91,59,15000,160000
2301,1023,30,110,4000,165000
2302,1023,97,115,5,170000
2303,1023,11,73,2,175000
2304,1023,150,116,1,180000
2305,1023,11,161,1,185000
2306,1023,30,110,4000,190000
2307,1023,40,41,1,195000
2308,1023,90,43,150,200000
2309,1023,20,32,1,210000
2310,1023,91,59,15000,220000
2311,1023,30,110,4000,230000
2312,1023,93,44,1,240000
2313,1023,97,115,5,250000
2314,1023,11,91,2,260000
2315,1023,11,162,1,270000
2316,1023,30,110,4000,280000
2317,1023,11,78,2,290000
2318,1023,164,149,1,300000
2319,1023,90,43,150,310000
2320,1023,97,115,5,320000
2321,1023,91,59,15000,330000
2322,1023,30,110,4000,340000
2323,1023,11,84,2,350000
2324,1023,11,83,2,360000
2325,1023,11,160,2,370000
2326,1023,91,59,15000,380000
2327,1023,30,110,4000,390000
2328,1023,51,30135,1,400000
2329,1023,11,92,2,420000
2330,1023,90,43,200,440000
2331,1023,91,59,20000,460000
2332,1023,30,110,5000,480000
2333,1023,11,163,1,500000
2334,1023,40,111,1,520000
2335,1023,91,59,20000,540000
2336,1023,30,110,5000,560000
2337,1023,11,161,1,580000
2338,1023,164,149,1,600000
2339,1023,90,43,300,620000
2340,1023,91,59,20000,640000
2341,1023,30,110,5000,660000
2342,1023,97,115,5,680000
2343,1023,40,41,1,700000
2344,1023,91,59,30000,720000
2345,1023,30,110,10000,740000
2346,1023,11,71,2,760000
2347,1023,11,162,1,780000
2348,1023,91,59,30000,800000
2349,1023,30,110,10000,820000
2350,1023,93,44,1,840000
2351,1023,11,161,1,860000
2352,1023,91,59,30000,880000
2353,1023,30,110,10000,900000
2354,1023,164,149,1,920000
2355,1023,11,161,2,940000
2356,1023,91,59,30000,960000
2357,1023,30,110,10000,980000
2358,1023,90,43,500,1000000
